|text|span|label|ordinal|norm_span
0|Чтобы быть полностью справедливым, единственным искупительным фактором была еда, которая была выше среднего, но не могла компенсировать все остальные недостатки Teodora.|еда|positive|0|еда
1|Еда в целом исключительная, с очень способной кухней, которая с гордостью приготовит все, что вы захотите съесть, независимо от того, есть ли это в меню или нет.|кухней|positive|0|еда
2|Еда в целом исключительная, с очень способной кухней, которая с гордостью приготовит все, что вы захотите съесть, независимо от того, есть ли это в меню или нет.|Еда|positive|0|еда
3|Не только еда была выдающейся, но и маленькие «плюсы» были замечательными.|еда|positive|0|еда
4|Не только еда была выдающейся, но и маленькие «плюсы» были великолепны.|плюсы|positive|0|плюс
5|Нашим любимым блюдом по общему мнению является орекьетте с колбасой и курицей (обычно официанты достаточно любезны, чтобы разделить блюдо пополам, так что вы можете попробовать оба вида мяса)|орекьетте с колбасой и курицей|positive|0|орекьетта с колбаса и курица
6|Нашим любимым блюдом по общему мнению является орекьетте с колбасой и курицей (обычно официанты достаточно любезны, чтобы разделить блюдо пополам, так что вы можете попробовать оба вида мяса)|официанты|positive|0|официант
7|Багели обладают выдающимся вкусом и потрясающей текстурой, одновременно жевательной, но не липкой.|Багели|positive|0|багель
8|Несмотря на это, сама еда довольно хороша.|еда|positive|0|еда
9|Дизайн и атмосфера так же хороши.|Дизайн|positive|0|дизайн
10|Дизайн и атмосфера так же хороши.|атмосфера|positive|0|атмосфера
11|Он побывал в Таиланде и хорошо разбирается в кухне.|кухне|positive|0|кухня
12|Пицца лучшая, если вы любите пиццу с тонкой корочкой.|Пицца|positive|0|пицца
13|Все деньги ушли на оформление интерьера, ни одна из них не досталась поварам.|оформление интерьера|positive|0|оформление интерьер
14|Не ходите в одиночку - даже двух человек недостаточно для полного впечатления, с соленьями и выбором мяса и морепродуктов.|соленьями|positive|0|соление
15|Не ходите в одиночку - даже двух человек недостаточно для полного впечатления, с соленьями и выбором мяса и морепродуктов.|выбором мяса и морепродуктов|positive|0|выбор мясо и морепродукт
16|Мое предложение - питаться по-семейному, потому что вы захотите попробовать другие блюда.|питаться по-семейному|positive|0|питаться по семейный
17|Лучшее из всего - это теплая атмосфера, владелец очень дружелюбен, а обслуживание быстрое.|атмосфера|positive|0|атмосфера
18|Лучшее из всего - это теплая атмосфера, владелец очень дружелюбный и обслуживание быстрое.|владелец|positive|0|владелец
19|Лучшее из всего - это теплая атмосфера, владелец очень дружелюбен, а обслуживание быстрое.|обслуживание|positive|0|обслуживание
20|Потрясающая еда, теплая атмосфера и дружелюбное обслуживание - это место в центре города не пропускает ни одного удара.|еда|positive|0|еда
21|Потрясающая еда, теплая атмосфера, дружелюбное обслуживание - это место в центре города не пропускает ни одного удара.|атмосфера|positive|0|атмосфера
22|Потрясающая еда, теплая атмосфера, дружелюбное обслуживание - это место в центре города не пропускает ни одного удара.|обслуживание|positive|0|обслуживание
23|Отличная еда по разумным ценам делает вечер незабываемым!|еда|positive|0|еда
24|Отличная еда по разумным ценам, делает вечер, который не может быть превзойден!|ценам|positive|0|цена
25|Это маленькое место с милым интерьером и доступными городскими ценами.|интерьером|positive|0|интерьер
26|Это маленькое заведение с милым интерьером и доступными городскими ценами.|ценами|positive|0|цена
27|Два слова: Бесплатное вино.|вино|positive|0|вино
28|Цена разумная, хотя обслуживание плохое.|Цена|positive|0|цена
29|Количество также очень хорошее, вы останетесь довольны.|Количество|positive|0|количество
30|Жареный рис здесь потрясающий.|Жареный рис|positive|0|жареный рис
31|Три блюда - на выбор: отличные мидии, козий сыр из слоеного теста и салат с восхитительной заправкой, а также стейк из ягненка au poivre, который просто вне этого мира.|мидии|positive|0|мидия
32|Три блюда - на выбор: превосходные мидии, козий сыр из слоеного теста и салат с восхитительной заправкой, а также стейк из вешалки au poivre, который не имеет аналогов в этом мире.|козий сыр из слоеного теста|positive|0|козий сыр из слоёный тест
33|Три блюда - на выбор: превосходные мидии, козий сыр из слоеного теста и салат с восхитительной заправкой, а также стейк из вешалки au poivre, который не имеет аналогов в этом мире.|салат с восхитительной заправкой|positive|0|салат с восхитительная заправка
34|Три блюда - на выбор: превосходные мидии, салат из слоеного теста с козьим сыром и восхитительной заправкой, а также стейк из вешалки au poivre, который не имеет аналогов в этом мире.|стейк из вешалки au poivre|positive|0|стейк из вешалка au poivre
35|Это идеальное место, чтобы отведать вкуснейшую индийскую еду.|индийскую еду|positive|0|индийская еда
36|Это место такое классное, и обслуживание быстрое и любопытное.|обслуживание|positive|0|обслуживание
37|Место такое классное, а обслуживание быстрое и внимательное.|Место|positive|0|место
38|В конце у вас остается мягкий бульон с лапшой, который вы можете потягивать из чашки.|бульон с лапшой|positive|0|бульон с лапша
39|Я просто удивляюсь, как можно есть такую вкусную еду за такие маленькие деньги.|еду|positive|0|еда
40|Я просто удивляюсь, как можно есть такую вкусную еду за такие маленькие деньги.|деньги|positive|0|деньга
41|Винная карта превосходна.|Винная карта|positive|0|винная карта
42|Я бывал во многих тайских ресторанах на Манхэттене, и Toons - это, безусловно, лучшая тайская еда, которую я пробовал (кроме маминой, конечно).|тайская еда|positive|0|тайская еда
43|Это неизменно отличное место для перекуса в обед или ужин.|перекуса|positive|0|перекус
44|Хорошая атмосфера, обслуживание было очень приятным, и десерт была хорошей.|атмосфера|positive|0|атмосфера
45|Хорошая атмосфера, обслуживание было очень приятным, а десерт была хорошей.|обслуживание|positive|0|обслуживание
46|Хорошая атмосфера, обслуживание было очень приятным, а десерт - хорошей.|десерт|positive|0|десерт
47|После того, как нам очень понравилось в баре, мы сели за столик и поужинали.|баре|positive|0|бар
48|Потрясающее обслуживание, фантастическая еда, расслабляющая атмосфера и обстановка.|обслуживание|positive|0|обслуживание
49|Потрясающее обслуживание, фантастическая еда, расслабляющая атмосфера и обстановка.|еда|positive|0|еда
50|Потрясающее обслуживание, фантастическая еда, расслабляющая атмосфера и обстановка.|атмосфера|positive|0|атмосфера
51|Потрясающее обслуживание, фантастическая еда и прохладная атмосфера и обстановка.|обстановка|positive|0|обстановка
52|Попробуйте закуску лазаньета.|закуску лазаньета|positive|0|закуска лазаньета
53|Мне понравился выбор пива.|выбор пива|positive|0|выбор пиво
54|Отличная еда, хорошее меню, отличное обслуживание и непритязательная обстановка.|еда|positive|0|еда
55|Отличная еда, хорошее меню, отличное обслуживание и непритязательная обстановка.|меню|positive|0|меню
56|Отличная еда, хорошее меню, отличное обслуживание и непритязательная обстановка.|обслуживание|positive|0|обслуживание
57|Отличная еда, хорошее меню, отличное обслуживание и непритязательная обстановка.|обстановка|positive|0|обстановка
58|Посетите этот ресторан для романтического ужина, но не для вау-ужина.|ужина|positive|0|ужин
59|Приходите сюда на романтический ужин, но не для вау-ужина.|вау-ужина|positive|0|вау ужин
60|Винотека хорошая, и вино по бокалам было щедро наполнено доверху.|Винотека|positive|0|винотёк
61|Выбор вин хороший, и вино по бокалам было щедро наполнено до верха.|вино по бокалам|positive|0|вино по бокал
62|Благодаря большому разнообразию меню, я часто здесь обедаю и никогда не скучаю.|меню|positive|0|меню
63|Меню ограничено, но почти все блюда превосходны.|блюда|positive|0|блюдо
64|Отличные бублики, спреды и хорошее место, чтобы потусоваться.|бублики|positive|0|бублик
65|Отличные бублики, спреды и хорошее место, чтобы потусоваться.|спреды|positive|0|спреда
66|К сожалению, еда здесь превосходная, но все остальное в этом ресторане - отстой.|еда|positive|0|еда
67|Мы всегда едим вкусную еду и всегда уходим довольными.|еду|positive|0|еда
68|Первым делом зашли сюда, чтобы насладиться их садовой террасой.|садовой террасой|positive|0|садовая терраса
69|Пицца была довольно вкусной и огромной.|Пицца|positive|0|пицца
70|Я почти не решаюсь написать отзыв, потому что атмосфера была такой замечательной, и мне бы не хотелось, чтобы здесь стало слишком многолюдно.|атмосфера|positive|0|атмосфера
71|По выходным здесь часто бывает много народу, но обслуживание эффективное и точное.|обслуживание|positive|0|обслуживание
72|Атмосфера непередаваемая, обслуживание безупречное, а еда великолепная.|Атмосфера|positive|0|атмосфера
73|Атмосфера непередаваемая, обслуживание безупречное, еда великолепная.|обслуживание|positive|0|обслуживание
74|Атмосфера непередаваемая, обслуживание безупречное, а еда великолепная.|еда|positive|0|еда
75|Официант дружелюбный, а еда становится все лучше и лучше.|Официант|positive|0|официант
76|Официант приветлив, а еда становится все лучше и лучше!|еда|positive|0|еда
77|По выходным здесь может быть немноголюдно, но атмосфера хорошая, и это лучшая французская кухня, которую вы найдете в этом районе.|атмосфера|positive|0|атмосфера
78|В выходные дни здесь может быть немноголюдно, но атмосфера хорошая, и это лучшая французская кухня, которую вы найдете в этом районе.|французская кухня|positive|0|французская кухня
79|Прямо рядом с L в Бруклине это милое уютное место с хорошей пиццей.|пиццей|positive|0|пицца
80|Прямо у L в Бруклине это милое уютное место с хорошей пиццей.|место|positive|0|место
81|Le Pere Pinard предлагает меню перед театром за 15 долларов, которое является выдающимся.|меню перед театром|positive|0|меню перед театр
82|Мы ели сэндвич с лобстером, и это было ПОТРЯСАЮЩЕ.|сэндвич с лобстером|positive|0|сэндвич с лобстер
83|"Несмотря на то, что ролл ""Паук"" с крабами в мягких панцирях, свисающими с него, может показаться сложным в употребления, он стоит цену, которю вы за него платите."|цену|positive|0|цена
84|"Несмотря на то, что ролл ""Паук"" с крабами в мягких панцирях, свисающими с него, может показаться сложным в употребления, он стоит цену, которю вы за него платите."|крабы в мягких панцирях|positive|0|крабы в мягких панцирях
85|Шашлыки во фритюре - это вкусно, но в Нью-Йорке их все еще редко можно найти.|Шашлыки во фритюре|positive|0|шашлык в фритюр
86|Я также рекомендую блюда из риса или различные сорта рисовой каши (congee).|блюда из риса|positive|0|блюдо из рис
87|Я также рекомендую блюда из риса или различные сорта рисовой каши (congee).|рисовой каши (congee)|positive|0|рисовая каша congee
88|За их закуску с тунцовым тартаром можно умереть.|закуска с тунцовым тартаром|positive|0|закуска с тунцовым тартаром
89|Оазис изысканности: Блюда, хотя и несколько неоднородные, часто достигают вершин новой американской изысканной кухни - страсть шеф-повара (и точное исполнение на кухне) наиболее ярко проявляются в рыбных блюдах и супах.|шеф-повара|positive|0|шеф повар
90|Оазис изысканности: Блюда, хотя и несколько неоднородные, часто достигают вершин новой американской изысканной кухни - страсть шеф-повара (и точное исполнение на кухне) наиболее ярко проявляются в рыбных блюдах и супах.|рыбных блюдах|positive|0|рыбный блюдо
91|Оазис изысканности: Блюда, хотя и несколько неоднородные, часто достигают вершин новой американской изысканной кухни - страсть шеф-повара (и точное исполнение на кухне) наиболее ярко проявляются в рыбных блюдах и супах.|супах|positive|0|суп
92|Оазис изысканности: Блюда, хотя и несколько неоднородные, часто достигают вершин новой американской изысканной кухни - страсть шеф-повара (и точное исполнение на кухне) наиболее ярко проявляются в рыбных блюдах и супах.|кухне|positive|0|кухня
93|Оазис изысканности: Блюда, хотя и несколько неоднородные, часто достигают вершин новой американской изысканной кухни - страсть шеф-повара (и точное исполнение на кухне) наиболее ярко проявляются в рыбных блюдах и супах.|кухни|positive|0|кухня
94|Если вы любите вино, сыр и вкусные блюда французской кухни, вам понравятся блюда ручной работы!|вино|positive|0|вино
95|Если вы любите вино, сыр и вкусные блюда французской кухни, вам понравятся блюда ручной работы!|французской кухня|positive|0|французская кухня
96|Если вы любите вино, сыр и вкусные блюда французской кухни, вам обязательно понравятся блюда ручной работы!|сыр|positive|0|сыр
97|Я люблю индийскую кухню и считаю себя в ней настоящим экспертом.|индийскую кухню|positive|0|индийская кухня
98|Десерт из лавового торта был невероятным, и я рекомендую его.|Десерт из лавового торта|positive|0|десерт из лавовый торт
99|Лахор - отличное место, куда можно заскочить поздно вечером, когда вам нужно по-настоящему вкусно поесть по дешевке - скорее всего, вам будет трудно съесть то количество еды, которое вы получите за четыре доллара.|еда|positive|0|еда
100|Но персонал был так ужасен с нами.|персонал|negative|0|персонал
101|У них не было майонеза, они забыли наши тосты, забыли ингредиенты (т.е. сыр в омлете), температура была ниже нуля, а бекон был настолько пережарен, что крошился на тарелке, когда вы к нему прикасались.|тосты|negative|0|тост
102|У них не было майонеза, они забыли наши тосты, не было ингредиентов (т.е. сыра в омлете), температура ниже нуля, а бекон был настолько пережарен, что крошился на тарелке, когда вы его трогали.|майонез|negative|0|майонез
103|У них не было майонеза, забыли наши тосты, забыли ингредиенты (т.е. сыр в омлете), температура ниже нуля, а бекон был настолько пережарен, что крошился на тарелке, когда вы его трогали.|бекон|negative|0|бекон
104|У них не было майонеза, забыли наши тосты, не было ингредиентов (т.е. сыра в омлете), температура ниже нуля, а бекон был настолько пережарен, что крошился на тарелке, когда вы его трогали.|ингредиентов|negative|0|ингредиент
105|Все деньги ушли на оформление интерьера, ни одна из них не досталась поварам.|поварам|negative|0|повар
106|Места неудобные, если вы сидите у стены на деревянных скамейках.|Места|negative|0|место
107|У «Фаана» отличная концепция, но немного грубовата доставка.|доставка|negative|0|доставка
108|Цена разумная, хотя обслуживание плохое.|обслуживание|negative|0|обслуживание
109|Меню очень ограничено - я думаю, мы насчитали 4 или 5 блюд.|Меню|negative|0|меню
110|Меню очень ограничено - я думаю, мы насчитали 4 или 5 блюд.|блюд|negative|0|блюдо
111|Меню ограничено, но почти все блюда превосходны.|меню|negative|0|меню
112|Не очень нравится их саке-мартини.|саке-мартини|negative|0|сак мартини
113|По выходным у них часто многолюдно, но они эффективно и точно обслуживают.|многолюдно|negative|0|многолюдно
114|Все мои коллеги были поражены тем, насколько маленьким было блюдо.|блюдо|negative|0|блюдо
115|Мы заказали специальное блюдо, бранзино на гриле, которое было настолько пропитано костями, что его было трудно есть.|бранзино на гриле|negative|0|бранзино на гриль
116|По выходным здесь может быть немноголюдно, но атмосфера хорошая, и это лучшая французская кухня, которую вы найдете в этом районе.|немноголюдно|negative|0|немноголюдный
117|Я также заказал доставку, но ресторан забыл выполнить половину заказа.|доставкy|negative|0|доставкy
118|Я также заказал доставку, но ресторан забыл выполнить половину заказа.|заказа|negative|0|заказ
119|Наш официант проверял нас, возможно, дважды за все время приема пищи.|официант|negative|0|официант
120|Сильные запахи, доносившиеся слева и справа от меня, негативно повлияли на мои вкусовые рецепторы.|запахи|negative|0|запах
121|Если бы мы тянули время, я мог бы понять, откуда они взялись, но мы пробыли там меньше часа, а нам еще даже не принесли чек!|чек|negative|0|чек
122|Я пытался забронировать столик, но оба раза хозяйки не назвала моего имени.|хозяйки|negative|0|хозяйка
123|В целом, Да, несмотря на ожидание, оно того стоит|ожидание|negative|0|ожидание
124|От ужасного обслуживания до безвкусной еды, не говоря уже о неприветливых менеджерах, общее впечатление было ужасным.|обслуживания|negative|0|обслуживание
125|От ужасного обслуживания до безвкусной еды, не говоря уже о неприветливых менеджерах, общее впечатление было ужасным.|еды|negative|0|еда
126|От ужасного обслуживания до безвкусной еды, не говоря уже о неприветливых менеджерах, общее впечатление было ужасным.|менеджерах|negative|0|менеджер
127|Когда я был там в последний раз, мы сидели за столиком в коридоре рядом с кухней.|стол|negative|0|стол
128|Еда не впечатлила.|Еда|negative|0|еда
129|Обслуживание на высшем уровне: рассадка гостей была отложена на 35 минут после бронирования, метрдотель принес извинения и регулярно информировал нас о ходе работ.|бронирования|negative|0|бронирование
130|Еда обычно очень вкусная, хотя иногда я задумываюсь о свежести сырых овощей в гарнирах.|сырых овощей|negative|0|сырой овощ
131|Если не считать отвратительного обслуживания от двух человек, все отлично.|обслуживания|negative|0|обслуживание
132|Да, они используют необычные ингредиенты, но даже из необычных ингредиентов не получится хорошей пиццы, если только кто-то не знает, как правильно сделать корочку.|пиццы|negative|0|пицца
133|Еда была посредственной, а крем-брюле - ужасным - сахар подгорел, не карамелизовался и пах керосином.|крем-брюле|negative|0|крем брюла
134|Еда была посредственной, а крем-брюле - ужасным - сахар подгорел, не карамелизовался и пах керосином.|сахар|negative|0|сахар
135|Это место действительно модное, но они забыли о самой важной части ресторана - еде.|еде|negative|0|еда
136|Обслуживание можно было бы улучшить, но в целом в этом заведении понимают важность мелочей (например, тяжелого черного чайника, который выглядит как антикварный чайник) в работе ресторана.|Обслуживание|negative|0|обслуживание
137|Пицца очень вкусная - они используют свежую моцареллу вместо дешевого замороженного тертого сыра, который обычно используют в большинстве пиццерий.|сыра|negative|0|сыр
138|Во-первых, официантка была совершенно невнимательна, когда мы видели ее 2 раза (странно в ресторане с 6 столиками), и неправильно приняла наш заказ.|официантка|negative|0|официантка
139|Еда была пресной и жирной.|Eда|negative|0|eда
140|Рыба свежая, но в разнообразии рыбы нет ничего необычного.|разнообразии рыбы|negative|0|разнообразие рыба
141|В прошлый раз, когда я заходил сюда, официантка не вернулась после того, как приняла наш заказ.|официантка|negative|0|официантка
142|Несмотря на то, что помещение меньше, чем у большинства ресторанов, это лучший сервис, который вы найдете даже в самом большом ресторане.|количество мест|negative|0|количество мест
143|Обстановка романтичная, но еда ужасная, обслуживание жалкое, и Габриэлла лжет обо всем, что только может.|еда|negative|0|еда
144|Обстановка романтичная, но еда ужасная, обслуживание жалкое, и Габриэлла лжет обо всем, что только может.|услуга|negative|0|услуга
145|Я ела тайскую лапшу, но лапша была липкой.|тайскую лапшу|negative|0|тайская лапша
146|Я ела Пад Тай, и лапша была липкой.|лапша|negative|0|лапша
147|Хозяйка грубая до неприличия.|Хозяйка|negative|0|хозяйка
148|"Если вам не терпится отведать вкусную кухню Хару, особенно ""Хаус Ролл"", но вы не можете долго ждать в очереди, отправляйтесь в сакэ-бар на другой стороне улицы!"|ждать в очереди|negative|0|ждать в очередь
149|Узкий коридор ведет в крошечное помещение, где есть три крошечных прилавка, выложенных белой плиткой, большой беспорядок (стопки бутылок, банок) и небольшой прилавок на 12-14 блюд.|коридор|negative|0|коридор
150|Узкий коридор ведет в крошечное помещение, где есть три крошечных прилавка, выложенных белой плиткой, большой беспорядок (стопки бутылок, банок) и небольшой прилавок на 12-14 блюд.|помещение|negative|0|помещение
151|Узкий коридор ведет в крошечное помещение, где есть три крошечных прилавка, выложенных белой плиткой, большой беспорядок (стопки бутылок, банок) и небольшой прилавок на 12-14 блюд.|прилавка|negative|0|прилавок
152|Узкий коридор ведет в крошечное помещение, где есть три крошечных прилавка, выложенных белой плиткой, большой беспорядок (стопки бутылок, банок) и небольшой прилавок на 12-14 блюд.|прилавок|negative|1|прилавок
153|лучше бы попробовал Terrace in the Sky или Water Club за такую цену|цену|negative|0|цена
154|Еда была просто ужасной, даже ОТВРАТИТЕЛЬНОЙ.|Еда|negative|0|еда
155|Бульон для удона был из соевого соуса и воды.|бульон для удона|negative|0|бульон для удон
156|"Они могут быть строгими у стойки, когда вы делаете заказ, но их еда говорит ""я люблю тебя""."|стойка|negative|0|стойка
157|Ладно, официанты немного растеряны, но их более чем достаточно для количества посетителей — это нормально, просто нужно немного постараться, чтобы привлечь их внимание.|официанты|negative|0|официант
158|Удачи в получении столика.|получении столика|negative|0|получение столик
159|Обслуживание ужасное.|обслуживание|negative|0|обслуживание
160|Нам не принесли специальное предложение на ужин, пока мы не попросили.|специальное предложение на ужин|negative|0|специальное предложение на ужин
161|Самое раздражающее, однако, это то, что официанты, кажется, обучены выжимать деньги.|официанты|negative|0|официант
162|Мы все еще сидели у бара, потягивая сангрию, но когда отвернулись, $2 исчезли, и люди рядом сказали, что бармен забрал их.|бармен|negative|0|бармен
163|Нас быстро посадили, так как у нас был резерв, однако после этого обслуживание было медленным.|обслуживание|negative|0|обслуживание
164|Еда была довольно хорошей, но немного безвкусной, и порции очень маленькие, включая десерт.|десерт|negative|0|десерт
165|Еда была довольно хорошей, но немного безвкусной, и порции очень маленькие, включая десерт.|порции|negative|0|порция
166|Я заказал их яйца Бенедикт на бранч, которые были худшими в моей жизни. Я попытался полностью убрать голландский соус, вот насколько они были неудачными.|яйца Бенедикт|negative|0|яйцо бенедикт
167|Я заказал их яйца Бенедикт на бранч, которые были худшими в моей жизни. Я попытался полностью убрать голландский соус, вот насколько они были неудачными.|голландский соус|negative|0|голландский соус
168|Жаль, что еда не была того же уровня.|еда|negative|0|еда
169|Меню выглядело хорошо, за исключением чилийского морского окуня, но официант не предложил специальные блюда, которые были написаны на доске снаружи.|чилийский морской окунь|negative|0|чилийский морской окунь
170|Меню выглядело хорошо, за исключением чилийского морского окуня, но официант не предложил специальные блюда, которые были написаны на доске снаружи.|официант|negative|0|официант
171|Основываясь на отзывах об ужине, это место, которое я бы reconsidered revisiting для этого, но определенно не для дим сама снова.|дим сам|negative|0|дим сама
172|Дополнительные $2 за превращение обычного ролла в inside-out ролл, но ролл увеличивается более чем втрое, и не только за счет риса.|ролл|negative|0|ролл
173|Дополнительные $2 за превращение обычного ролла в inside-out ролл, но ролл увеличивается более чем втрое, и не только за счет риса.|ролл|negative|1|ролл
174|Дополнительные $2 за превращение обычного ролла в inside-out ролл, но ролл увеличивается более чем втрое, и не только за счет риса.|ролл|negative|2|ролл
175|Димсам неплохой, но не кажется свежим, и маленькие блюда не выглядят горячими, как должны были бы (также обратите внимание на отсутствие китайцев здесь).|маленькие блюда|negative|0|маленький блюдо
176|Если вы хотите хорошую аутентичную тайскую кухню, это не то место.|тайская кухня|negative|0|тайская кухня
177|Вы заказываете по меню, поэтому уходите с ощущением, что упустили полноценный опыт.|меню|negative|0|меню
178|Уровень шума был невыносимым, разговаривать было невозможно.|уровень шума|negative|0|уровень шум
180|Человек, который нас встречал, пообещал сохранить столик для нашей компании из 7 человек, но затем посадил за него компанию из 2 человек (хотя вокруг было много свободных мест).|столик|negative|0|столик
181|Пока мы ели посредственную еду, менеджер начал отчитывать пару своих сотрудников за то, что они поставили не те контейнеры для приправ, и объяснял им, насколько эти контейнеры дорогие.|еду|negative|0|еда
182|Пока мы ели посредственную еду, менеджер начал отчитывать пару своих сотрудников за то, что они поставили не те контейнеры для приправ, и объяснял им, насколько эти контейнеры дорогие.|сотрудники|negative|0|сотрудники
183|Пока мы ели посредственную еду, менеджер начал отчитывать пару своих сотрудников за то, что они поставили не те контейнеры для приправ, и объяснял им, насколько эти контейнеры дорогие.|контейнеры для приправ|negative|0|контейнер для приправа
184|Пока мы ели посредственную еду, менеджер начал отчитывать пару своих сотрудников за то, что они поставили не те контейнеры для приправ, и объяснял им, насколько эти контейнеры дорогие.|менеджер|negative|0|менеджер
185|Я заказал блюдо с лососем, и хотя оно было неплохим, за такую цену я ожидал больше вкуса.|вкус|negative|0|вкус
186|"Мы заказали ""тунцовый melt"" — он пришел без сыра, что сделало его просто тунцовым сэндвичем."|тунцовый melt|negative|0|тунцовый melt
187|"Мы заказали ""тунцовый melt"" — он пришел без сыра, что сделало его просто тунцовым сэндвичем."|тунцовый сэндвич|negative|0|тунцовый сэндвич
188|Официанты были невнимательны, за исключением того, что счет появился на столе до того, как мы закончили.|официанты|negative|0|официант
189|Официанты были невнимательны, за исключением того, что счет появился на столе до того, как мы закончили.|счет|negative|0|счёт
190|Не ешьте здесь, если только вы не умираете от голода по тайской еде и работаете рядом.|тайской еде|negative|0|тайская еда
191|Для тех, кто хочет отличную еду и сервис, Roxy — место, которого стоит избегать!|еда|negative|0|еда
192|Для тех, кто хочет отличную еду и сервис, Roxy — место, которого стоит избегать!|сервис|negative|0|сервис
193|Честно говоря, это одни из худших суши, которые я когда-либо пробовал.|суши|negative|0|сушить
194|Общая цена была очень высокой, чего я и ожидал.|цена|negative|0|цена
195|Рыба была пережарена.|рыба|negative|0|рыба
196|Мы не могли привлечь внимание официанта, и он нас игнорировал.|официант|negative|0|официант
197|Просто и ясно — это плохая тайская еда.|тайская еда|negative|0|тайская еда
198|Официантка, кажется, больше заботится о том, чтобы хорошо выглядеть, чем о своей работе.|официантка|negative|0|официантка
199|Лобстеровый сэндвич стоит $24, и хотя он был хорош, он не оправдывает такую цену.|цену|negative|0|цена
200|Еда неизменно исключительная, с очень способной кухней, которая с гордостью приготовит все, что вы захотите съесть, независимо от того, есть ли это в меню или нет.|меню|neutral|0|меню
201|Нашим любимым блюдом по общему мнению является орекьетте с колбасой и курицей (обычно официанты достаточно любезны, чтобы разделить блюдо пополам, и вы можете попробовать оба вида мяса).|мяса|neutral|0|мясо
202|Наш общий фаворит - орекьетте с колбасой и курицей (обычно официанты достаточно любезны, чтобы разделить блюдо пополам, так что вы можете попробовать оба вида мяса).|блюдо|neutral|0|блюдо
203|У них не было майонеза, забыли наши тосты, не было ингредиентов (т.е. сыра в омлете), температура ниже нуля, а бекон был настолько пережарен, что крошился на тарелке, когда вы к нему прикасались.|сыра|neutral|0|сыр
204|У них не было майонеза, забыли наши тосты, не было ингредиентов (т.е. сыра в омлете), температура ниже нуля, а бекон был настолько пережарен, что крошился на тарелке, когда вы к нему прикасались.|тарелке|neutral|0|тарелка
205|У них не было майонеза, они забыли наши тосты, забыли ингредиенты (т.е. сыр в омлете), температура ниже нуля, а бекон был настолько пережарен, что крошился на тарелке, когда вы его трогали.|омлете|neutral|0|омлет
206|На получение чека ушло полчаса, что было прекрасно, так как мы могли посидеть, выпить и поговорить!|выпить|neutral|0|выпить
207|Получение чека заняло полчаса, и это было прекрасно, так как мы могли сидеть, пить и разговаривать!|чека|neutral|0|чек
208|Пицца лучшая, если вы любите пиццу с тонкой корочкой.|пиццу с тонкой корочкой|neutral|0|пицца с тонкая корочка
209|Я попросил сельтерскую с лаймом, без льда.|сельтерскую с лаймом|neutral|0|сельтерская с лайм
210|Мое предложение - питаться по-семейному, потому что вы захотите попробовать другие блюда.|блюда|neutral|0|блюдо
211|Я наткнулся на этот ресторан на втором этаже две пятницы назад, когда был с двумя друзьями в городе из Лос-Анджелеса. Будучи серьезными любителями суши, мы сели за суши-бар, чтобы быть ближе к действию.|суши|neutral|0|сушить
212|Я наткнулся на этот ресторан на втором этаже две пятницы назад, когда был с двумя друзьями в городе из Лос-Анджелеса. Будучи серьезными любителями суши, мы сели за суши-бар, чтобы быть ближе к действию.|суши-бар|neutral|0|сушить бар
213|Три блюда - на выбор: превосходные мидии, салат из слоеного теста с козьим сыром и восхитительной заправкой, а также стейк из вешалки au poivre, который не имеет аналогов в этом мире.|блюда|neutral|0|блюдо
214|Они даже не дали мне допить мой бокал вина, прежде чем предложить другой.|бокал вина|neutral|0|бокал вино
215|Когда нас спрашивали, мы должны были задавать более подробные вопросы, чтобы знать, какие есть специальные предложения.|специальные предложения|neutral|0|специальный предложение
216|Это неизменно отличное место для обеда или ужина.|обеда|neutral|0|обед
217|Это неизменно отличное место для обеда или ужина.|ужина|neutral|0|ужин
218|После того, как нам очень понравилось в баре, мы сели за стол и поужинали.|стол|neutral|0|стол
219|После того, как нам очень понравилось в баре, мы сели за стол и поужинали.|поужинали|neutral|0|поужинать
220|Я вырос на Dosa и до сих пор не нашел в Нью-Йорке места, которое удовлетворило бы мои вкусовые рецепторы.|Dosa|neutral|0|dosa
221|Одна вещь, которая мне понравилась в этом месте, это то, что я никогда не чувствовал спешки или давления, чтобы уступить свой столик приходящим гостям.|столик|neutral|0|столик
222|Зачерпните ингредиенты палочками, покрутите их и съешьте.|ингредиенты|neutral|0|ингредиент
223|Возьмите палочками ингредиенты, покрутите их и съешьте.|палочками|neutral|0|палочка
224|Кухня, насколько я понял, настоящая тайваньская, хотя она сильно отличается от той, к которой я привык в Тайбэе.|Кухня|neutral|0|кухня
225|Наш официант проверял нас, возможно, дважды за все время приема пищи.|приема пищи|neutral|0|приём пища
226|Я пытался забронировать столик, но оба раза хозяйки не назвала моего имени.|бронирование|neutral|0|бронирование
227|Некоторые виды детской пиццы исполняют свои желания.|детской пиццы|neutral|0|детская пицца
228|VT - это то, чем надеются стать маленькие пиццы, когда вырастут.|маленькие пиццы|neutral|0|маленький пицца
229|Выбор вин (в бокалах и бутылках) замечательный, и я всегда рекомендую друзьям забронировать столик, если они собираются приехать в город.|забронировать|neutral|0|забронировать
230|Да, они используют необычные ингредиенты, но даже из необычных ингредиентов не получится хорошей пиццы, если только кто-то не знает, как правильно сделать корочку.|корочку|neutral|0|корочка
231|Еда была посредственной, а крем-брюле - ужасным - сахар подгорел, не карамелизовался и пах керосином.|Еда|neutral|0|еда
232|Но кто сказал, что в Murray's есть что-то особенное в обслуживании?|обслуживание|neutral|0|обслуживание
233|Во-первых, официантка была совершенно невнимательна в те два раза, когда мы ее видели (странно в ресторане на 6 столиков), и неправильно приняла наш заказ.|столы|neutral|0|столы
234|Я зашел туда ближе к вечеру, чтобы перекусить и поразмышлять со своей девушкой.|еда|neutral|0|еда
235|Я зашел туда ближе к вечеру, чтобы перекусить и поразмышлять со своей девушкой.|отражение|neutral|0|отражение
236|Я возлагал на это заведение очень большие надежды и забронировал номер за пару месяцев вперед для особого случая.|бронирование|neutral|0|бронирование
237|То, что подали к нашему столу, было подгорелым до неузнаваемости и волокнистым.|таблица|neutral|0|таблица
238|"Вообще-то, я никогда не была в ""М"", но мне ее доставляли несколько раз."|доставляли|neutral|0|доставлять
239|Узкий коридор ведет в крошечное помещение, где есть три крошечных прилавка, выложенных белой плиткой, большой беспорядок (стопки бутылок, банок) и небольшой прилавок на 12-14 блюд.|блюд|neutral|0|блюдо
240|Обед включал соленые огурцы и капустный салат без дополнительной платы.|соленые огурцы и капустный салат|neutral|0|солёный огурец и капустный салат
241|Нормальное обслуживание.|обслуживание|neutral|0|обслуживание
242|Бульон для удона был из соевого соуса и воды.|соевый соус|neutral|0|соевый соус
243|Бульон для удона был из соевого соуса и воды.|вода|neutral|0|вода
244|Официантка предложила бокалы вина, которые отлично сочетались с едой.|еда|neutral|0|еда
245|Я не самый опытный человек, когда дело касается тайской кухни, но мой друг, который привел меня туда, таков.|тайской кухни|neutral|0|тайская кухня
246|Я недавно ходил в этот ресторан с коллегами на обед и прекрасно провел время.|обед|neutral|0|обед
247|Обслуживание было безупречным и ненавязчивым — персонал знает, что они здесь делают: знают свое меню, подают вашу еду и заботятся о ваших потребностях.|меню|neutral|0|меню
248|Обслуживание было безупречным и ненавязчивым — персонал знает, что они здесь делают: знают свое меню, подают вашу еду и заботятся о ваших потребностях.|еду|neutral|0|еда
249|Возьмите еду с собой, найдите скамейку и расслабьтесь с тарелкой пельменей.|еду|neutral|0|еда
250|Мы все еще сидели у бара, потягивая сангрию, но когда отвернулись, $2 исчезли, и люди рядом сказали, что бармен забрал их.|сангрию|neutral|0|сангрия
251|Мы все еще сидели у бара, потягивая сангрию, но когда отвернулись, $2 исчезли, и люди рядом сказали, что бармен забрал их.|бара|neutral|0|бар
252|Мы все еще сидели у бара, потягивая сангрию, но когда отвернулись, $2 исчезли, и люди рядом сказали, что бармен забрал их.|бармен|neutral|1|бармен
253|Это хороший ресторан, если вы ищете место для проведения интимного делового ужина.|делового ужина|neutral|0|деловое ужин
254|Но ничего выдающегося в готовке нет.|готовка|neutral|0|готовка
255|Я был здесь 3 раза на обед, и это одно из моих любимых мест в городе.|обед|neutral|0|обед
256|Я заказал их яйца Бенедикт на бранч, которые были худшими в моей жизни. Я попытался полностью убрать голландский соус, вот насколько они были неудачными.|бранч|neutral|0|бранч
257|Меню выглядело хорошо, за исключением чилийского морского окуня, но официант не предложил специальные блюда, которые были написаны на доске снаружи.|специальные блюда|neutral|0|специальный блюдо
258|В целом, солидный ресторан, и менее $40 с человека (включая вино) — хорошая сделка.|вино|neutral|0|вино
259|Дополнительные $2 за превращение обычного ролла в inside-out ролл, но ролл увеличивается более чем втрое, и не только за счет риса.|рис|neutral|0|рис
260|Когда он наконец подошел, он не смог сделать джин с тоником — не нашел тоник.|джин с тоником|neutral|0|джина с тоник
261|Когда он наконец подошел, он не смог сделать джин с тоником — не нашел тоник.|тоник|neutral|1|тоник
262|Обслуживание нормальное, некоторые люди не получили то, что заказывали.|обслуживание|neutral|0|обслуживание
263|Рекомендую делать бронирование столика, хотя мы видели, как людей сажали и без брони.|бронирование|neutral|0|бронирование
264|Единственное, что мне moderately понравилось — это их фирменное блюдо: жареная курица с пюре из эдамаме.|жареная курица с пюре из эдамаме|neutral|0|жареная курица с пюре из эдамама
265|Я пошёл в Del Frisco's в пятницу вечером с парнем на бронь к 20:00.|бронь|neutral|0|бронь
266|Сделайте одолжение — поужинайте здесь и посмотрите, согласитесь ли вы со мной.|ужин|neutral|0|ужин
267|Очень популярный стиль изакая (саке и небольшие порции блюд, сочетающихся с саке).|порция|neutral|0|порция
268|Они вкусные, но советую съесть только одну с мясом, так как они плохо сочетаются с пищеварением среднего американца.|мясо|neutral|0|мясо
269|Вместо того чтобы тратить здесь время: ПОДДЕРЖИВАЙТЕ РЕСТОРАНЫ, КОТОРЫЕ ЗАБОТЯТСЯ О ЕДЕ.|еда|neutral|0|еда
270|Мужчина, который встречал гостей, пообещал сохранить столик для нашей компании из 7 человек, но затем посадил за него компанию из 2 (хотя вокруг было много свободных мест).|столик|neutral|0|столик
271|Пока мы сидели и ели посредственную еду, менеджер начал отчитывать пару своих сотрудников за то, что те поставили не те контейнеры для соусов, объясняя, какие они дорогие.|контейнеры|neutral|1|контейнер
272|Интерьер приятный и минималистичный, еда простая, но очень хорошо поданная и приготовленная, а винная карта отлично сочетается с блюдами.|еда|neutral|1|еда
273|Я заказал блюдо с лососем, и хотя оно было нормальным, за такую цену я ожидал больше вкуса.|цена|neutral|0|цена
274|Мы заказали melt с тунцом — он пришёл без сыра, так что получился просто бутерброд с тунцом.|сыр|neutral|0|сыр
275|Счёт выходит примерно $25 на двоих за обед без напитков.|Счёт|neutral|0|счёт
276|Счёт выходит примерно $25 на двоих за обед без напитков.|обед|neutral|0|обед
277|Счёт выходит примерно $25 на двоих за обед без напитков.|напитки|neutral|0|напитки
278|Еда отличная, обслуживание нормальное.|обслуживание|neutral|0|обслуживание
279|Также обратите внимание на фоновую музыку — довольно странный выбор.|музыка|neutral|0|музыка
280|Был там и пробовал разные блюда из морепродуктов и закуски.|блюда из морепродуктов|neutral|0|блюдо из морепродукт
281|Был там и пробовал разные блюда из морепродуктов и закуски.|закуски|neutral|0|закуска
282|Отличное место для неформального свидания или бизнес-ланча с клиентами.|ланч|neutral|0|ланч
283|Всё, что мы получили при уходе на шоу без ужина, — это извинения.|ужин|neutral|0|ужин
284|Соседний столик спросил, сам ли он давил виноград, когда их давно заказанная бутылка вина наконец пришла.|бутылка вина|neutral|0|бутылка вино
285|Соседний столик спросил, сам ли он давил виноград, когда их давно заказанная бутылка вина наконец пришла.|виноград|neutral|0|виноград
286|Обычно 3 против 4 позиций в блюде.|блюдо|neutral|0|блюдо
287|Хотя некоторые базовые блюда отличные (бургер, некоторые пасты), еда — не главное здесь.|еда|neutral|0|еда
288|Дим сам был так себе, ничего особенного.|дим сам|neutral|0|дим сам
289|Еда была так себе.|Еда|neutral|0|еда
290|Устроил здесь сюрприз-ужин на 30-летие моей невесты — лучше и не придумаешь.|ужин|neutral|0|ужин
291|По какой-то причине все морепродукты в меню были недоступны, кроме лосося.|лосось|neutral|0|лосось
292|Музыка иногда становится слишком громкой, но это только заставило меня придвинуться ближе к моей прекрасной жене, и я почувствовал аромат кориандра.|кориандр|neutral|0|кориандр
293|Проходил мимо этого ресторана какое-то время и наконец решил зайти на ужин.|ужин|neutral|0|ужин
294|Я заказал chu chu карри, а мой друг — куриный pad thai.|chu chu карри|neutral|0|chu chu карри
295|Я заказал chu chu карри, а мой друг — куриный pad thai.|куриный pad thai|neutral|0|куриный pad thai
296|Мы ходим по понедельникам на фиксированное меню, и качество еды сравнимо с Blue Ribbon.|еды|neutral|0|еда
297|Мы ходим по понедельникам на фиксированное меню, и качество еды сравнимо с Blue Ribbon.|фиксированное меню|neutral|0|фиксированное меню
298|Также хорошо подходит для деловых обедов с клиентами.|деловые обеды|neutral|0|деловые обеды
299|Был в Spice три раза — дважды на ланче и один раз на ужине.|ланче|neutral|0|ланча
300|Я заряжаю его ночью и не беру с собой шнур, потому что у него отличное время работы от аккумулятора.|время работы от аккумулятора|positive|0|время работа от аккумулятор
301|Он высокого качества, имеет потрясающий графический интерфейс, чрезвычайно стабилен, легко расширяется, поставляется с множеством отличных приложений, прост в использовании и выглядит просто потрясающе.|качества|positive|0|качество
302|Он высокого качества, имеет потрясающий графический интерфейс, чрезвычайно стабилен, легко расширяется, поставляется с множеством отличных приложений, прост в использовании и выглядит просто потрясающе.|графический интерфейс|positive|0|графический интерфейс
303|Он высокого качества, имеет потрясающий графический интерфейс, чрезвычайно стабилен, легко расширяется, поставляется с множеством отличных приложений, прост в использовании и выглядит просто потрясающе.|приложений|positive|0|приложение
304|Он высокого качества, имеет потрясающий графический интерфейс, чрезвычайно стабилен, легко расширяется, поставляется с множеством отличных приложений, прост в использовании и выглядит просто потрясающе.|использовании|positive|0|использование
305|Легкий запуск и не перегревается так сильно, как другие ноутбуки.|запуск|positive|0|запуск
306|Я даже купил своему подростку такой же из-за функций, которые он предлагает, таких как iChat, Photobooth, GarageBand и других!|функции|positive|0|функции
307|Я даже купил своему подростку такой же из-за функций, которые он предлагает, таких как iChat, Photobooth, GarageBand и других!|iChat|positive|0|ichat
308|Я даже купил своему подростку такой же из-за функций, которые он предлагает, таких как iChat, Photobooth, GarageBand и других!|Photobooth|positive|0|photobooth
309|Я даже купил своему подростку такой же из-за функций, которые он предлагает, таких как iChat, Photobooth, GarageBand и других!|garage band|positive|0|garage band
310|Отличный ноутбук с множеством замечательных функций!|функций|positive|0|функция
311|В магазине эти MacBook упакованы в мягкую резиновую оболочку — так что вы не узнаете об острых краях, пока не купите его, принесёте домой, вскроете упаковку и начнёте использовать (очень хитрый обман).|резиновая оболочка|positive|0|резиновая оболочка
312|Однако мультитач-жесты и большая область трекпада делают внешнюю мышь ненужной (если только вы не играете).|мультитач-жесты|positive|0|мультитач жест
313|Однако мультитач-жесты и большая область трекпада делают внешнюю мышь ненужной (если только вы не играете).|область трекпада|positive|0|область трекпада
314|Мне нравится, как работает весь набор программного обеспечения в комплекте.|набор ПО|positive|0|набор по
315|Скорость просто потрясающая, и я более чем доволен.|скорость|positive|0|скорость
316|Этот ноутбук оправдывает все ожидания, а Windows 7 просто великолепна!|Windows 7|positive|0|windows 7
317|Сопряжение с iPhone — одно удовольствие: синхронизация проходит без проблем — раньше это занимало вечность, а теперь мгновенно.|синхронизация|positive|0|синхронизация
318|Я также получил бонус в виде 30-дюймового HD-монитора, который действительно помогает расширить экран и снизить нагрузку на глаза!|30-дюймового HD-монитора|positive|0|30 дюймовый hd монитор
319|Мне нравится операционная система и предустановленное программное обеспечение.|операционная система|positive|0|операционная система
320|Мне нравится операционная система и предустановленное программное обеспечение.|предустановленное ПО|positive|0|предустановленное по
321|Самое лучшее в этом ноутбуке — цена вместе с некоторыми новыми функциями.|цена|positive|0|цена
322|Самое лучшее в этом ноутбуке — цена вместе с некоторыми новыми функциями.|функции|positive|0|функции
323|Я отправлял его в Toshiba дважды, и они починили его по гарантии.|гарантия|positive|0|гарантия
324|Я искал Mac, который был бы портативным и имел все нужные мне функции.|функции|positive|0|функция
325|Драйверы обновились нормально, но обновление BIOS зависло, и компьютер выключился.|драйверы|positive|0|драйвер
326|Потрясающее качество!|качество|positive|0|качество
327|Тот факт, что вы можете потратить более $100 только на веб-камеру, подчёркивает ценность этого устройства.|ценность|positive|0|ценность
328|Если сайт зависает (что бывает редко), его очень легко принудительно закрыть.|принудительное закрытие|positive|0|принудительное закрытие
329|Мне также нравится, что мой MacBook Pro позволяет запускать Windows 7 через программу VMWare.|Windows 7|positive|0|windows 7
330|Намного проще перемещаться по операционной системе, находить файлы, и всё работает гораздо быстрее!|операционная система|positive|0
334|Мы увеличили память до четырёх гигабайт, чтобы воспользоваться приростом производительности и скорости.|скорость|positive|0|скорость
335|Мы увеличили память до четырёх гигабайт, чтобы воспользоваться приростом производительности и скорости.|производительность|positive|0|производительность
336|И если у вас есть iPhone или iPod touch, вы можете подключаться и загружать песни на высокой скорости.|скорость|positive|0|скорость
337|Мне нравится стеклянный тачпад.|стеклянный тачпад|positive|0|стеклянный тачпад
338|Я использую внешний динамик — звук хороший.|внешний динамик|positive|0|внешний динамик
339|Я использую внешний динамик — звук хороший.|звук|positive|0|звук
340|Всё очень легко использовать, программное обеспечение Mac намного проще, чем Microsoft.|программное обеспечение Mac|positive|0|программное обеспечение mac
342|Простота использования и отличный сервис Apple — будь то телефонная поддержка или визит в Genius Bar — несравненны.|использование|positive|0|использование
343|Простота использования и отличный сервис Apple — будь то телефонная поддержка или визит в Genius Bar — несравненны.|сервис|positive|0|сервис
344|Простота использования и отличный сервис Apple — будь то телефонная поддержка или визит в Genius Bar — несравненны.|телефонная поддержка|positive|0|телефонная поддержка
345|Простота использования и отличный сервис Apple — будь то телефонная поддержка или визит в Genius Bar — несравненны.|Genius Bar|positive|0|genius bar
346|Аккумулятора хватает на 10 часов при веб-сёрфинге и работе с текстом, что идеально для учёбы или офиса, а в играх и при просмотре фильмов — чуть более 5 часов.|время работы от аккумулятора|positive|0|время работы от аккумулятора
347|Аккумулятора хватает на 10 часов при веб-сёрфинге и работе с текстом, что идеально для учёбы или офиса, а в играх и при просмотре фильмов — чуть более 5 часов.|время работы от аккумулятора|positive|1|время работы от аккумулятора
348|Acer предоставил мне БЕСПЛАТНЫЕ диски восстановления, когда они стали доступны, по моей просьбе.|диски восстановления|positive|0|диск восстановление
349|Время работы от аккумулятора кажется очень хорошим, и у меня не было с ним проблем.|время работы от аккумулятора|positive|0|время работа от аккумулятор
350|Для Mac не нужно покупать антивирус, что экономит мне кучу времени и денег.|антивирус для Mac|positive|0|антивирус для mac
351|Он всегда надёжен, никогда не глючит и отлично реагирует.|реакция|positive|0|реакция
352|Да, компьютер лёгкий, дешевле среднего ноутбука и интуитивно понятен в использовании.|использование|positive|0|использование
353|Кроме того, если вам нужно поговорить с представителем Microsoft, за это берут плату, что я считаю грабежом, учитывая огромные суммы за плохо продуманную систему, из-за чего многие предпочли бы XP, если бы могли.|XP|positive|0|xp
354|Мне нравится Windows 7, которая намного лучше Vista.|Windows 7|positive|0|windows 7
355|Клавиатура отличная, очень тихая, учитывая, сколько я печатаю.|клавиатура|positive|0|клавиатура
356|Я могу легко редактировать видео в AVCHD, что было проблемой для большинства ПК, если только у вас не процессор Quad Core i7.|Quad Core i7|positive|0|quad core i7
357|После разговора с очень компетентным продавцом я выбрал MacBook Pro вместо белого MacBook.|продавцом|positive|0|продавец
358|Если вам нужна мощная система и не нужно запускать Windows-приложения, выбирайте Apple.|система|positive|0|система
359|Даже его цвет классный.|цвет|positive|0|цвет
360|Да, Mac стоит дороже среднего ноутбука, но с ним не сравнятся стиль, скорость и крутой фактор.|стиль|positive|0|стиль
361|Да, Mac стоит дороже среднего ноутбука, но с ним не сравнятся стиль, скорость и крутой фактор.|скорость|positive|0|скорость
362|Клавиатура приятная на ощупь, и печатать на ней удобно.|Клавиатура|positive|0|клавиатура
363|BEST BUY — 5 ЗВЁЗД + + + (продажи, сервис, уважение к пожилым людям, не знакомым с технологиями) DELL COMPUTERS — 3 звезды DELL SUPPORT — должны мне пару вещей|продажи|positive|0|продажа
364|BEST BUY — 5 ЗВЁЗД + + + (продажи, сервис, уважение к пожилым людям, не знакомым с технологиями) DELL COMPUTERS — 3 звезды DELL SUPPORT — должны мне пару вещей|сервис|positive|0|сервис
365|BEST BUY — 5 ЗВЁЗД + + + (продажи, сервис, уважение к пожилым людям, не знакомым с технологиями) DELL COMPUTERS — 3 звезды DELL SUPPORT — должны мне пару вещей|DELL SUPPORT|positive|0|dell support
366|Да, они дороже, но это компенсируется скоростью, качеством сборки и долговечностью.|скорость|positive|0|скорость
367|Да, они дороже, но это компенсируется скоростью, качеством сборки и долговечностью.|качество сборки|positive|0|качество сборки
368|Да, они дороже, но это компенсируется скоростью, качеством сборки и долговечностью.|долговечность|positive|0|долговечность
369|"Так как я печатаю со скоростью более 100 слов в минуту, я искал устройство с удобной клавиатурой (без залипающих клавиш, странного расположения ""дополнительных клавиш"" и т. д."|клавиатурой|positive|1|клавиатура
370|"Так как я печатаю со скоростью более 100 слов в минуту, я искал устройство с удобной клавиатурой (без залипающих клавиш, странного расположения ""дополнительных клавиш"" и т. д."|клавиш|positive|0|клавиша
371|"Так как я печатаю со скоростью более 100 слов в минуту, я искал устройство с удобной клавиатурой (без залипающих клавиш, странного расположения ""дополнительных клавиш"" и т. д."|"расположения """"дополнительных клавиш"""""|positive|0|расположение дополнительный клавиша
372|Он определённо дороже большинства PC-ноутбуков, но простота использования, безопасность и минимум проблем делают его стоящим своей цены.|использование|positive|0|использование
373|Он определённо дороже большинства PC-ноутбуков, но простота использования, безопасность и минимум проблем делают его стоящим своей цены.|безопасность|positive|0|безопасность
374|Множество предустановленного ПО.|предустановленное ПО|positive|0|предустановленное по
375|Моя любимая часть этого компьютера — наличие VGA-порта, так что я могу подключить его к большему экрану.|VGA-порт|positive|0|vga порт
376|Ещё хочу добавить, что время работы от аккумулятора отличное.|время работы от аккумулятора|positive|0|время работа от аккумулятор
377|Acer не помог, а Garmin не смог определить проблему (после 2 часов общения со мной), так что я вернул его и купил Toshiba R700, которая кажется ещё лучше, и я смог установить всё своё ПО без проблем.|ПО|positive|0|по
378|Я играю во много казуальных игр онлайн, и тачпад очень отзывчивый.|тачпад|positive|0|тачпад
379|Конечно, он всё ещё очень новый ноутбук, но по сравнению с моими предыдущими ноутбуками и ПК, мой Mac запускается заметно быстрее.|запуск|positive|0|запуск
380|Он соответствует всем моим ожиданиям с точки зрения внешнего вида и ощущений, но кажется даже более прочным.|внешний вид и ощущения|positive|0|внешний вид и ощущения
381|Единственное, что мне не нравится в Apple — они обычно используют Safari, а я его не люблю, но после установки Mozilla Firefox я влюбился в каждую деталь.|Mozilla Firefox|positive|0|mozilla firefox
382|Отличный аккумулятор, скорость, дисплей.|аккумулятор|positive|0|аккумулятор
383|Отличный аккумулятор, скорость, дисплей.|скорость|positive|0|скорость
384|Отличный аккумулятор, скорость, дисплей.|дисплей|positive|0|дисплей
385|Доставка была быстрой, и я бы не задумываясь купил этот ноутбук снова.|доставка|positive|0|доставка
386|Я впечатлён временем работы от аккумулятора и производительностью при таком небольшом объёме памяти.|время работы от аккумулятора|positive|0|время работы от аккумулятора
387|Я впечатлён временем работы от аккумулятора и производительностью при таком небольшом объёме памяти.|производительность|positive|0|производительность
388|Его приложения потрясающие, включая замены Microsoft Office.|приложения|positive|0|приложение
389|Его приложения потрясающие, включая замены Microsoft Office.|Microsoft Office|positive|0|microsoft office
390|У моего отца один из самых первых Toshiba, да, он немного медленный сейчас, но всё ещё работает хорошо, и я подключил его к Ethernet!|Ethernet|positive|0|ethernet
391|У моего отца один из самых первых Toshiba, да, он немного медленный сейчас, но всё ещё работает хорошо, и я подключил его к Ethernet!|работа|positive|0|работа
392|Больше всего мне нравится функция перетаскивания.|функция перетаскивания|positive|0|функция перетаскивание
393|Я заказал через MacMall, что спасло меня от налога с продаж, который пришлось бы платить при локальной покупке.|налог с продаж|positive|0|налог с продаж
394|Конечно, я также получил несколько отличных программных пакетов бесплатно, включая iWork, GarageBand и iMovie.|программных пакетов|positive|0|программный пакет
395|Конечно, я также получил несколько отличных программных пакетов бесплатно, включая iWork, GarageBand и iMovie.|iWork|positive|0|iwork
396|Конечно, я также получил несколько отличных программных пакетов бесплатно, включая iWork, GarageBand и iMovie.|GarageBand|positive|0|garageband
397|Конечно, я также получил несколько отличных программных пакетов бесплатно, включая iWork, GarageBand и iMovie.|iMovie|positive|0|imovie
398|Экран очень большой и кристально чистый с потрясающими цветами и разрешением.|экран|positive|0|экран
399|Экран очень большой и кристально чистый с потрясающими цветами и разрешением.|цвета|positive|0|цвета
400|"Техник сказал, что сервисный центр не делает обмен 1 к 1, и мне нужно обратиться в ""отдел продаж"", то есть в магазин, где я купил нетбук."|сервисный центр|negative|0|сервисный центр
401|"Техник сказал, что сервисный центр не делает обмен 1 к 1, и мне нужно обратиться в ""отдел продаж"", то есть в магазин, где я купил нетбук."|отдел продаж|negative|0|отдел продажа
402|Одной ночью я выключил эту штуку после использования, а на следующий день включаю — нет графического интерфейса, экран тёмный, индикатор питания горит ровно, индикатор жёсткого диска не мигает, как обычно.|графический интерфейс|negative|0|графический интерфейс
403|Одной ночью я выключил эту штуку после использования, а на следующий день включаю — нет графического интерфейса, экран тёмный, индикатор питания горит ровно, индикатор жёсткого диска не мигает, как обычно.|экран|negative|0|экран
404|Одной ночью я выключил эту штуку после использования, а на следующий день включаю — нет графического интерфейса, экран тёмный, индикатор питания горит ровно, индикатор жёсткого диска не мигает, как обычно.|индикатор жёсткого диска|negative|0|индикатор жёсткое диск
405|В магазине эти MacBook упакованы в мягкую резиновую оболочку — так что вы не узнаете об острых краях, пока не купите его, принесёте домой, вскроете упаковку и начнёте использовать (очень хитрый обман).|края|negative|0|края
406|Я почти не могу использовать USB-устройства, потому что они не остаются подключёнными должным образом.|USB-устройства|negative|0|usb устройство
407|Когда я наконец запустил всё с установленным ПО и подключил свой Droid для зарядки, система зависла.|система|negative|0|система
408|Один совет: не берите Microsoft Office для Mac, ожидая, что он будет работать так же, как на PC.|Microsoft Office для Mac|negative|0|microsoft office для mac
409|Машина медленно загружается и иногда полностью зависает.|загрузка|negative|0|загрузка
410|После оплаты нескольких сотен долларов за эту услугу разочаровывает, что вы не можете получить помощь в нерабочее время.|услуга|negative|0|услуга
411|После многочисленных попыток (включая прямое установление времени в BIOS) я сдался (я технарь).|времени в BIOS|negative|0|время в bios
412|ВЫ НЕ СМОЖЕТЕ ПОГОВОРИТЬ С АМЕРИКАНЦЕМ, ТАК КАК СЛУЖБА ГАРАНТИИ НАХОДИТСЯ ЗА ГРАНИЦЕЙ.|СЛУЖБА ГАРАНТИИ|negative|0|служба гарантия
413|но теперь я понял, что это проблема этого бренда.|бренд|negative|0|бренд
414|Также немного шумный, когда работает вентилятор.|вентилятор|negative|0|вентилятор
415|"В отчаянии я позвонил в их службу поддержки, и мне сказали, что моя гарантия истекла (ноутбуку 2 дня), и за привилегию поговорить с техником мне придётся заплатить (""имейте готовую кредитку"")."|гарантия|negative|0|гарантия
416|"В отчаянии я позвонил в их службу поддержки, и мне сказали, что моя гарантия истекла (ноутбуку 2 дня), и за привилегию поговорить с техником мне придётся заплатить (""имейте готовую кредитку"")."|разговора с техником|negative|0|разговора с техником
417|Также, похоже, была проблема с жёстким диском, так как иногда Windows загружалась, но не могла найти драйверы или файлы.|жёсткий диск|negative|0|жёсткий диск
418|Также, похоже, была проблема с жёстким диском, так как иногда Windows загружалась, но не могла найти драйверы или файлы.|Windows|negative|0|windows
419|Драйверы обновились нормально, но обновление BIOS зависло, и компьютер выключился.|обновление BIOS|negative|0|обновление bios
420|Драйверы обновились нормально, но обновление BIOS зависло, и компьютер выключился.|система|negative|0|система
421|Говоря о браузере, у него тоже есть проблемы.|браузер|negative|0|браузер
422|Клавиатура слишком скользкая.|клавиатура|negative|0|клавиатура
423|Он весит около 9 фунтов, но если закрыть на это глаза, он ОТЛИЧНЫЙ!|9 фунтов|negative|0|9 фунт
424|Всё ещё на гарантии, позвонил в Toshiba — никакой помощи.|гарантия|negative|0|гарантия
425|Я был доволен покупкой Toshiba Satellite L305D-S5934, пока не пришлось ремонтировать его по гарантии Toshiba.|гарантия Toshiba|negative|0|гарантия toshiba
426|Месяц назад сгорела материнская плата.|материнская плата|negative|0|материнская плата
427|Система, с которой он поставляется, не работает должным образом, и при попытке исправить проблемы она вообще перестала работать.|система|negative|0|система
428|Потом через 4 месяца перестал работать зарядник, и мне пришлось покупать новое оборудование, чтобы поддерживать работу компьютера.|зарядник|negative|0|зарядникнуть
429|Потом через 4 месяца перестал работать зарядник, и мне пришлось покупать новое оборудование, чтобы поддерживать работу компьютера.|оборудование|negative|0|оборудование
430|Он редко работает, а когда работает — невероятно медленный.|работа|negative|0|работа
431|Купил ноутбук Toshiba, он работал хорошо, пока не истёк гарантийный срок.|гарантия|negative|0|гарантия
432|"Реальность такова, что он очень быстро нагревался и слишком долго выполнял простые вещи, например открытие папки ""Мои документы""."|"открытие папки ""Мои документы"""|negative|0|открытие папка мой документ
433|Я всегда использовал PC и постоянно разочаровывался из-за зависаний и плохо продуманных операционных систем, которые никогда не были интуитивно понятными.|операционных систем|negative|0|операционный система
434|Потом, через 5 месяцев, зарядник сломался.|зарядник|negative|0|зарядникнуть
435|Я снова отнёс компьютер, и они заменили жёсткий диск и материнскую плату снова.|жёсткий диск|negative|0|жёсткий диск
436|Я снова отнёс компьютер, и они заменили жёсткий диск и материнскую плату снова.|материнская плата|negative|0|материнская плата
437|всё ещё тестирую время работы от аккумулятора, думал будет лучше, но очень доволен апгрейдом.|время работы от аккумулятора|negative|0|время работа от аккумулятор
438|Потом HP вернул его мне с неработающим оборудованием, без возможности подключения.|оборудование|negative|0|оборудование
439|Ах да, не забудьте про дорогую доставку туда и обратно в HP.|доставка|negative|0|доставка
440|Всё очень легко использовать, программное обеспечение Mac намного проще, чем Microsoft.|ПО Microsoft|negative|0|по microsoft
441|И если вы много пишете, редактирование — проблема, так как нет клавиши forward delete.|клавиша delete|negative|0|клавиша delete
442|И если вы много пишете, редактирование — проблема, так как нет клавиши forward delete.|редактирование|negative|0|редактирование
443|Включение таймера батареи бесполезно.|таймера батареи|negative|0|таймер батарея
444|Но мы заплатили за Bluetooth, а его не было.|Bluetooth|negative|0|bluetooth
445|Итак, я посетил сервисный центр LG на Александра-роуд, надеясь, что они подтянут петли.|петли|negative|0|петля
446|Примерно через неделю мне его вернули и сказали, что материнская плата вышла из строя, поэтому они установили новую.|материнская плата|negative|0|материнская плата
447|Он был медленным, зависал, и оборудование пришлось менять уже через 2 месяца!|оборудование|negative|0|оборудование
448|в апреле пришлось менять материнскую плату|материнская плата|negative|0|материнская плата
449|Кроме того, если вам нужно поговорить с представителем Microsoft, за это берут плату, что я считаю грабежом, учитывая огромные суммы за плохо продуманную систему, из-за чего многие предпочли бы XP, если бы могли.|представитель Microsoft|negative|0|представитель microsoft
450|Кроме того, если вам нужно поговорить с представителем Microsoft, за это берут плату, что я считаю грабежом, учитывая огромные суммы за плохо продуманную систему, из-за чего многие предпочли бы XP, если бы могли.|система|negative|0|система
451|Мне нравится Windows 7, которая намного лучше Vista.|Vista|negative|0|vista
452|Диссервис Dell — это оскорбление для клиентов, которые платят хорошие деньги за некачественные продукты.|Диссервис Dell|negative|0|диссервис dell
453|Через 10 минут обычного использования произошёл сбой системы охлаждения, и компьютер не мог продолжить работу из-за этой ошибки.|системы охлаждения|negative|0|система охлаждение
454|Вам не придётся тратить кучу денег на неэффективную антивирусную программу, которую нужно обновлять каждый месяц и которая постоянно опустошает ваш кошелёк.|антивирусная программа|negative|0|антивирусная программа
455|Через 2 месяца сел аккумулятор.|аккумулятор|negative|0|аккумулятор
456|Клавиши расположены в странных местах, и она слишком большая для своего дизайна.|клавиши|negative|0|клавиша
457|Клавиши расположены в странных местах, и она слишком большая для своего дизайна.|дизайн|negative|0|дизайн
458|И не говоря уже о том, что через несколько месяцев использования батарея будет держать заряд всё хуже, пока вы не сможете оставить его без розетки более чем на 5 минут без выключения.|аккумулятор|negative|0|аккумулятор
459|Он постоянно зависает во время использования, и приходится постоянно по нему стучать, чтобы он работал.|использование|negative|0|использование
460|Он постоянно зависает во время использования, и приходится постоянно по нему стучать, чтобы он работал.|работа|negative|0|работа
461|Жаль, что у него нет веб-камеры, тогда бы он был идеальным!|веб-камера|negative|0|веб камера
462|Один недостаток — хотелось бы, чтобы клавиши были с подсветкой.|клавиши|negative|0|клавиша
463|Жаль, что громкость не громче, а мышь сломалась уже через месяц.|громкость|negative|0|громкость
464|Жаль, что громкость не громче, а мышь сломалась уже через месяц.|мышь|negative|0|мышь
465|Он подхватил вирус, который полностью уничтожил мой жёсткий диск за несколько часов.|жёсткий диск|negative|0|жёсткий диск
466|Единственное, что мне не нравится в Apple — они обычно используют Safari, а я его не люблю, но после установки Mozilla Firefox я влюбился в каждую деталь.|Safari|negative|0|safari
467|Единственное, что мне не нравится в Apple — они обычно используют Safari, а я его не люблю, но после установки Mozilla Firefox я влюбился в каждую деталь.|Safari|negative|1|safari
468|Bluetooth вообще не было, а драйвер сканера отпечатков пальцев был, но ПО зависало на середине установки.|Bluetooth|negative|0|bluetooth
469|Bluetooth вообще не было, а драйвер сканера отпечатков пальцев был, но ПО зависало на середине установки.|драйвер сканера отпечатков|negative|0|драйвер сканер отпечаток
470|Bluetooth вообще не было, а драйвер сканера отпечатков пальцев был, но ПО зависало на середине установки.|ПО|negative|0|по
471|Я впечатлён временем работы от аккумулятора и производительностью при таком небольшом объёме памяти.|память|negative|0|память
472|они не улучшили ничего другого, например разрешение, внешний вид, систему охлаждения, видеокарту и т. д.|разрешение|negative|0|разрешение
473|они не улучшили ничего другого, например разрешение, внешний вид, систему охлаждения, видеокарту и т. д.|внешний вид|negative|0|внешний вид
474|они не улучшили ничего другого, например разрешение, внешний вид, систему охлаждения, видеокарту и т. д.|система охлаждения|negative|0|система охлаждения
475|они не улучшили ничего другого, например разрешение, внешний вид, систему охлаждения, видеокарту и т. д.|видеокарта|negative|0|видеокарта
476|Я получил его обратно, и встроенная веб-камера и микрофон замыкали каждый раз, когда я касался крышки (а это было моим средством общения с моей невестой, которая была в командировке), но я терпел и постоянно перезагружал компьютер, чтобы снова использовать камеру и микрофон, когда они отключались.|встроенная веб-камера|negative|0|встроенная веб камера
477|Я получил его обратно, и встроенная веб-камера и микрофон замыкали каждый раз, когда я касался крышки (а это было моим средством общения с моей невестой, которая была в командировке), но я терпел и постоянно перезагружал компьютер, чтобы снова использовать камеру и микрофон, когда они отключались.|встроенный микрофон|negative|0|встроенный микрофон
478|Я получил его обратно, и встроенная веб-камера и микрофон замыкали каждый раз, когда я касался крышки (а это было моим средством общения с моей невестой, которая была в командировке), но я терпел и постоянно перезагружал компьютер, чтобы снова использовать камеру и микрофон, когда они отключались.|камера|negative|1|камера
479|Я получил его обратно, и встроенная веб-камера и микрофон замыкали каждый раз, когда я касался крышки (а это было моим средством общения с моей невестой, которая была в командировке), но я терпел и постоянно перезагружал компьютер, чтобы снова использовать камеру и микрофон, когда они отключались.|микрофон|negative|1|микрофон
480|Плата имеет плохой разъём с блоком питания, и вскоре после истечения гарантии блок питания начнёт сбоить.|Плата|negative|0|плата
481|Плата имеет плохой разъём с блоком питания, и вскоре после истечения гарантии блок питания начнёт сбоить.|разъём|negative|0|разъём
482|Плата имеет плохой разъём с блоком питания, и вскоре после истечения гарантии блок питания начнёт сбоить.|блок питания|negative|0|блок питание
483|Плата имеет плохой разъём с блоком питания, и вскоре после истечения гарантии блок питания начнёт сбоить.|гарантия|negative|0|гарантия
484|Плата имеет плохой разъём с блоком питания, и вскоре после истечения гарантии блок питания начнёт сбоить.|блок питания|negative|1|блок питание
485|Ах да, и если ваша модная веб-камера сломается, угадайте, кому вам придётся её отправить на ремонт?|веб-камера|negative|0|веб камера
486|Чуть больше года владения MacBook Pro, и монитор полностью вышел из строя.|монитор|negative|0|монитор
487|Размер: Да, 13 дюймов маловато (особенно для замены десктопа), но с внешним монитором какая разница.|Размер|negative|0|размер
488|Дополнительное предостережение: базовая установка включает некоторое специфичное ПО Toshiba, которое может не понравиться пользователю.|базовая установка|negative|0|базовая установка
489|Дополнительное предостережение: базовая установка включает некоторое специфичное ПО Toshiba, которое может не понравиться пользователю.|ПО|negative|0|по
490|Когда я вернул его в Best Buy, оказалось, что сломался маленький пластиковый элемент внутри (проблема производства).|производство|negative|0|производство
491|Процессор AMD Turin, кажется, всегда работает намного лучше, чем Intel.|Intel|negative|0|intel
492|"Меню ""Пуск"" не самое удобное для навигации из-за стекирования."|"меню ""Пуск"""|negative|0|меню пуск
493|"Меню ""Пуск"" не самое удобное для навигации из-за стекирования."|навигация|negative|0|навигация
494|Единственное, что я хотел бы добавить — это внутренний Blu-ray привод с возможностью записи.|Blu-ray привод|negative|0|blu ray привод
495|Сервисный техник сказал, что пытался воспроизвести повреждение, но не смог, значит, это был их производственный дефект.|сервисный техник|negative|0|сервисный техника
496|Магазин, где я купил это устройство, отправил его обратно... в итоге я получил новую или отремонтированную машину примерно через 3 недели.|технический магазин|negative|0|технический магазин
497|Однако высокая цена.|цена|negative|0|цена
498|"У меня был статический шум на выходе, и мне пришлось снизить качество звука до ""FM"" вместо стандартного ""CD""."|качество звука|negative|0|качество звук
499|Я заказал машину по индивидуальному заказу в HP и вообще НЕ мог понять техника из-за его акцента.|техник|negative|0|техник
500|Я заряжаю его ночью и не беру с собой шнур, потому что у него отличное время работы от аккумулятора.|шнур|neutral|0|шнур
501|"Техник сказал, что сервисный центр не делает обмен 1 к 1, и мне нужно обратиться в ""отдел продаж"", то есть в магазин, где я купил нетбук."|Техник|neutral|0|техника
502|Одной ночью я выключил эту штуку после использования, а на следующий день включаю — нет графического интерфейса, экран тёмный, индикатор питания горит ровно, индикатор жёсткого диска не мигает, как обычно.|индикатор питания|neutral|0|индикатор питание
503|Я вернул его и взял Asus, но та же история — синий экран, требующий извлечения батареи для сброса.|батареи|neutral|0|батарея
504|Однако мультитач-жесты и большая область трекпада делают внешнюю мышь ненужной (если только вы не играете).|внешняя мышь|neutral|0|внешняя мышь
505|Однако мультитач-жесты и большая область трекпада делают внешнюю мышь ненужной (если только вы не играете).|игры|neutral|0|игры
506|Когда я наконец запустил всё с установленным ПО и подключил свой Droid для зарядки, система зависла.|ПО|neutral|0|по
507|Я также получил бонус в виде 30-дюймового HD-монитора, который действительно помогает расширить экран и снизить нагрузку на глаза!|экран|neutral|0|экран
508|"В отчаянии я позвонил в их службу поддержки, и мне сказали, что моя гарантия истекла (ноутбуку 2 дня), и за привилегию разговора с техником мне придётся заплатить (""имейте готовую кредитку"")."|службу поддержки|neutral|0|служба поддержка
509|Также, похоже, была проблема с жёстким диском, так как иногда Windows загружалась, но не могла найти драйверы или файлы.|драйверы|neutral|0|драйвер
510|Потратил 2 часа на телефон с техподдержкой HP.|техподдержка HP|neutral|0|техподдержка hp
511|Каждую ночь мой компьютер делает дефрагментацию и проверку на вирусы.|проверка на вирусы|neutral|0|проверка на вирусы
512|Он работает так же быстро с одной открытой программой, как и с шестнадцатью.|программа|neutral|0|программа
513|Тот факт, что вы можете потратить более $100 только на веб-камеру, подчёркивает ценность этого устройства.|веб-камера|neutral|0|веб камера
514|Я в основном использую его для email, интернета и управления личными файлами (фото, видео и т.д.).|интернет|neutral|0|интернет
515|Я в основном использую его для email, интернета и управления личными файлами (фото, видео и т.д.).|управление файлами|neutral|0|управление файлами
516|Мне также нравится, что мой MacBook Pro позволяет запускать Windows 7 через программу VMWare.|программа VMWare|neutral|0|программа vmware
517|Я хотел купить расширенную гарантию, но они отказали, потому что знали, что это проблемный товар.|расширенную гарантию|neutral|0|расширенная гарантия
518|Мы увеличили память до четырёх гигабайт, чтобы воспользоваться приростом производительности и скорости.|память|neutral|0|память
519|Аккумулятора хватает на 10 часов при веб-сёрфинге и работе с текстом, что идеально для учёбы или офиса, а в играх и при просмотре фильмов — чуть более 5 часов.|играх|neutral|0|игра
520|Аккумулятора хватает на 10 часов при веб-сёрфинге и работе с текстом, что идеально для учёбы или офиса, а в играх и при просмотре фильмов — чуть более 5 часов.|просмотре фильмов|neutral|0|просмотр фильм
521|Аккумулятора хватает на 10 часов при веб-сёрфинге и работе с текстом, что идеально для учёбы или офиса, а в играх и при просмотре фильмов — чуть более 5 часов.|веб-сёрфинге|neutral|0|веб сёрфинг
522|Аккумулятора хватает на 10 часов при веб-сёрфинге и работе с текстом, что идеально для учёбы или офиса, а в играх и при просмотре фильмов — чуть более 5 часов.|работе с текстом|neutral|0|работа с текст
523|"Я также купил от Office Max страховку ""Max Assurance"" с пунктом ""без лимона""."|"страховку """"Max Assurance"""""|neutral|0|страховка max assurance
524|В итоге я перенёс данные с резервного диска моего iMac, используя USB.|резервный диск iMac|neutral|0|резервный диск imac
525|В итоге я перенёс данные с резервного диска моего iMac, используя USB.|USB|neutral|0|usb
526|Температуры снаружи были нормальные, но я не отслеживал температуру процессора.|температуры|neutral|0|температура
527|Температуры снаружи были нормальные, но я не отслеживал температуру процессора.|температура процессора|neutral|0|температура процессора
528|Сегодня отнесу его в сервис.|сервис|neutral|0|сервис
529|Итак, я посетил сервисный центр LG на Александра-роуд, надеясь, что они подтянут петли.|сервисный центр LG|neutral|0|сервисный центр lg
530|Моя дочь использует его для игр, email, facebook, фото и музыки.|игры|neutral|0|игры
531|Примерно через неделю мне его вернули и сказали, что материнская плата вышла из строя, поэтому они установили материнскую плату.|материнская плата|neutral|1|материнская плата
532|Через 10 минут обычного использования произошёл сбой системы охлаждения, и компьютер не мог продолжить работу из-за этой ошибки.|использование|neutral|0|использование
533|Если вам действительно нужна мощная система и не нужно запускать Windows-приложения, выбирайте Apple.|Windows-приложения|neutral|0|windows приложение
534|Он весил около семи фунтов или около того.|вес|neutral|0|вес
535|Он весил около семи фунтов или около того.|семь фунтов|neutral|0|семь фунтов
536|Возможно, вам придётся заказать сумку отдельно.|сумка|neutral|0|сумка
537|Мне казалось, что белые Mac слишком быстро выглядят грязными в области тачпада и где лежат руки при печати.|тачпад|neutral|0|тачпад
538|Нет претензий к их десктопу, возможно потому что он просто стоит на столе, и вы не носите его с собой, что могло бы повредить жёсткий диск или материнскую плату.|жёсткий диск|neutral|0|жёсткий диск
539|Нет претензий к их десктопу, возможно потому что он просто стоит на столе, и вы не носите его с собой, что могло бы повредить жёсткий диск или материнскую плату.|материнская плата|neutral|0|материнская плата
540|Я также попробовал тачпад и сравнил его с другими нетбуками в магазине.|тачпад|neutral|0|тачпад
541|Моя любимая часть этого компьютера — наличие VGA-порта, так что я могу подключить его к большему экрану.|экран|neutral|0|экран
542|Отчасти это из-за того, что он работает на Windows Vista?|Windows Vista|neutral|0|windows vista
543|Размер: Да, 13 дюймов маловато (особенно для замены десктопа), но с внешним монитором какая разница.|внешний монитор|neutral|0|внешний монитор
544|После этого они сказали, что это покрывается гарантией.|гарантия|neutral|0|гарантия
545|Если поискать, можно найти тот же ноутбук с отсутствующими выше портами и процессором AMD или Intel с двумя ядрами.|порты|neutral|0|порты
546|Если поискать, можно найти тот же ноутбук с отсутствующими выше портами и процессором AMD или Intel с двумя ядрами.|процессор|neutral|0|процессор
547|Я купил защиту для клавиатуры, и она отлично работает :)|защита|neutral|0|защита
548|Я купил его в крупном магазине электроники и отнёс в их сервисный отдел, чтобы выяснить проблему.|сервисный отдел|neutral|0|сервисный отдел
549|Я всегда использую резервный жёсткий диск для хранения важных файлов.|жёсткий диск|neutral|0|жёсткий диск
550|Но размер экрана не так уж плох для email и веб-сёрфинга.|веб-сёрфинг|neutral|0|веб сёрфинг
551|Как только я удалил всё лишнее ПО, ноутбук стал загружаться за 15-20 секунд.|загрузка|neutral|0|загрузка
552|На моём PowerBook G4 я никогда не использовал тачпад, предпочитая внешнюю мышь, потому что мне не нравился тачпад.|внешняя мышь|neutral|0|внешняя мышь
553|"Очевидно, одна из самых важных особенностей любого компьютера — это ""человеческий интерфейс""."|особенности|neutral|0|особенности
554|"Очевидно, одна из самых важных особенностей любого компьютера — это ""человеческий интерфейс""."|человеческий интерфейс|neutral|0|человеческий интерфейс
555|С Mac вам не нужно беспокоиться об антивирусе или файрволе, это прекрасно.|антивирусе|neutral|0|антивирус
556|С Mac вам не нужно беспокоиться об антивирусе или файрволе, это прекрасно.|файрволе|neutral|0|файрвол
557|Я думаю, часть проблемы этого компьютера — Vista, хотя я знаю, что Vista не единственная проблема, потому что мой новый Acer тоже с Vista (надо было подождать несколько месяцев до следующей ОС).|операционная система|neutral|0|операционная система
558|Вентиляционные отверстия сбоку, так что охлаждающая подставка не нужна, отличная особенность!|охлаждающая подставка|neutral|0|охлаждающая подставка
559|Моя беспроводная система не распознавала Windows 7, и я не мог выйти в интернет, чтобы выяснить почему.|Windows 7|neutral|0|windows 7
560|Мне нужна мощная видеокарта для эффективной работы с Adobe Creative.|графическая мощность|neutral|0|графическая мощность
561|Мне нужна мощная видеокарта для эффективной работы с Adobe Creative.|приложения Adobe Creative|neutral|0|приложения adobe creative
562|Когда я назвал им серийный номер, первое, что мне сказали — гарантия истекла, и я могу оплатить ремонт.|гарантия|neutral|0|гарантия
563|Эта система исправлена.|система|neutral|0|система
564|Скорее всего, это из-за плохого заземления и изоляции между компонентами, и я надеюсь, что это можно исправить с помощью изолятора контура заземления, но я ожидал лучшего качества продукта за эти деньги.|изолятор контура заземления|neutral|0|изолятор контура заземления
565|У меня он около 1.5 лет, и да, у меня была проблема с ним через месяц после окончания гарантии.|гарантия|neutral|0|гарантия
566|Загружен вредоносным ПО.|вредоносное ПО|neutral|0|вредоносное по
567|Отличный ноутбук за свою цену, хорошо работает с action pack играми.|action pack игры|neutral|0|action pack игра
568|Включённые игры очень хорошие.|игры|neutral|0|игра
569|впрочем, я мог случайно выбросить один из аккумуляторов вместе с упаковкой.|аккумуляторов|neutral|0|аккумулятор
570|впрочем, я мог случайно выбросить один из аккумуляторов вместе с упаковкой.|упаковкой|neutral|0|упаковка
571|Процессор просто летает, и благодаря уникальной работе Apple OSX 16, большая часть графики обрабатывается через железо, а не через софт.|железо|neutral|0|железо
572|Процессор просто летает, и благодаря уникальной работе Apple OSX 16, большая часть графики обрабатывается через железо, а не через софт.|софт|neutral|0|софт
573|Я хотел что-то с новым процессором Intel Core и HDMI-портом, чтобы подключать его напрямую к нашему ТВ.|процессоры Intel Core|neutral|0|процессоры intel core
574|Я хотел что-то с новым процессором Intel Core и HDMI-портом, чтобы подключать его напрямую к нашему ТВ.|HDMI-порт|neutral|0|hdmi порт
575|у него 3 USB-порта, 1 кард-ридер для SD и слот для расширения SD памяти.|USB-порты|neutral|0|usb порт
576|у него 3 USB-порта, 1 кард-ридер для SD и слот для расширения SD памяти.|кард-ридер для SD|neutral|0|карда ридер для sd
577|у него 3 USB-порта, 1 кард-ридер для SD и слот для расширения SD памяти.|слот расширения SD|neutral|0|слот расширение sd
578|Я подключаю внешний диск LaCie 2Big через интерфейс FireWire 800, что удобно для Time Machine.|внешний диск LaCie 2Big|neutral|0|внешний диск lacie 2big
579|Я подключаю внешний диск LaCie 2Big через интерфейс FireWire 800, что удобно для Time Machine.|Time Machine|neutral|0|time machine
580|Обновление с Windows 7 Starter через Windows 7 Home Premium до Windows 7 Professional прошло мгновенно;|Windows 7 Starter|neutral|0|windows 7 starter
581|Обновление с Windows 7 Starter через Windows 7 Home Premium до Windows 7 Professional прошло мгновенно;|Windows 7 Home Premium|neutral|0|windows 7 home premium
582|Обновление с Windows 7 Starter через Windows 7 Home Premium до Windows 7 Professional прошло мгновенно;|Windows 7 Professional|neutral|0|windows 7 professional
583|Мои дети (и собаки) уничтожили два шнура питания, дёргая за них.|шнуры питания|neutral|0|шнуры питания
584|не использую проводной LAN, не знаю, в чём дело.|проводной LAN|neutral|0|проводной lan
585|Включена Apple Care.|Apple Care|neutral|0|apple care
586|Наконец, я должен отметить, что я взял 2GB модуль RAM из моего старого EeePC и установил его ещё до первого включения.|2GB модуль RAM|neutral|0|2gb модуль ram
587|После отправки документов по email и сообщений от получателей, что они не могут открыть документы или получают абракадабру, я сдался и потратил ещё $100 на Microsoft Word для Mac.|Microsoft Word для Mac|neutral|0|microsoft word для mac
588|Мне нравится док, куда можно просто перетащить файл на нужную программу, и программа откроет этот файл.|программа|neutral|0|программа
589|Мне нужен был драйвер для моего HP, но они отказались помочь без оплаты более $50.|драйвер|neutral|0|драйвер
590|Позвоните в техподдержку, стандартная форма по email и отправьте её нам по факсу.|техподдержку|neutral|0|техподдержка
591|Есть несколько программ для школы или офиса (Pages, Numbers, Keynote и т.д.), музыки (Garageband), управления фото (Photo Booth, iPhoto), видеомонтажа или создания фильмов (iMovie) и т.д.|программ|neutral|0|программа
592|Есть несколько программ для школы или офиса (Pages, Numbers, Keynote и т.д.), музыки (Garageband), управления фото (Photo Booth, iPhoto), видеомонтажа или создания фильмов (iMovie) и т.д.|Garageband|neutral|0|garageband
593|Есть несколько программ для школы или офиса (Pages, Numbers, Keynote и т.д.), музыки (Garageband), управления фото (Photo Booth, iPhoto), видеомонтажа или создания фильмов (iMovie) и т.д.|Photo Booth|neutral|0|photo booth
594|Есть несколько программ для школы или офиса (Pages, Numbers, Keynote и т.д.), музыки (Garageband), управления фото (Photo Booth, iPhoto), видеомонтажа или создания фильмов (iMovie) и т.д.|iPhoto|neutral|0|iphoto
595|Есть несколько программ для школы или офиса (Pages, Numbers, Keynote и т.д.), музыки (Garageband), управления фото (Photo Booth, iPhoto), видеомонтажа или создания фильмов (iMovie) и т.д.|iMovie|neutral|0|imovie
596|Есть несколько программ для школы или офиса (Pages, Numbers, Keynote и т.д.), музыки (Garageband), управления фото (Photo Booth, iPhoto), видеомонтажа или создания фильмов (iMovie) и т.д.|видеомонтажа|neutral|0|видеомонтаж
597|Есть несколько программ для школы или офиса (Pages, Numbers, Keynote и т.д.), музыки (Garageband), управления фото (Photo Booth, iPhoto), видеомонтажа или создания фильмов (iMovie) и т.д.|создания фильмов|neutral|0|создание фильм
598|Есть несколько программ для школы или офиса (Pages, Numbers, Keynote и т.д.), музыки (Garageband), управления фото (Photo Booth, iPhoto), видеомонтажа или создания фильмов (iMovie) и т.д.|управления фото|neutral|0|управление фото
599|Есть несколько программ для школы или офиса (Pages, Numbers, Keynote и т.д.), музыки (Garageband), управления фото (Photo Booth, iPhoto), видеомонтажа или создания фильмов (iMovie) и т.д.|музыки|neutral|0|музыка
